epoch,train_loss,val_loss,val_dice,val_iou,lr,skipped_batches_train,skipped_batches_val,elapsed_s
1,0.751207,0.73572,0.354723,0.251814,1.00e-05,0,0,91.9
2,0.708615,0.666144,0.470932,0.373547,2.80e-05,0,0,89.4
3,0.65169,0.633871,0.47188,0.378794,4.60e-05,0,0,89.0
4,0.595886,0.565287,0.507302,0.423008,6.40e-05,0,0,89.3
5,0.538888,0.490056,0.533818,0.449535,8.20e-05,0,0,89.4
6,0.4791,0.439267,0.542077,0.455585,1.00e-04,0,0,88.7
7,0.430836,0.443265,0.504109,0.415501,1.00e-04,0,0,88.3
8,0.397227,0.452276,0.47845,0.392933,9.99e-05,0,0,86.8
9,0.373089,0.367113,0.539875,0.455542,9.98e-05,0,0,87.9
10,0.35917,0.355742,0.566955,0.489536,9.96e-05,0,0,87.0
11,0.344314,0.343827,0.556915,0.475645,9.93e-05,0,0,87.4
12,0.330375,0.410675,0.501383,0.41717,9.90e-05,0,0,85.8
13,0.318353,0.343293,0.542648,0.460206,9.87e-05,0,0,86.0
14,0.314669,0.324884,0.581344,0.503123,9.83e-05,0,0,86.2
15,0.301296,0.336086,0.578016,0.504022,9.78e-05,0,0,87.0
16,0.295624,0.323881,0.590349,0.513103,9.73e-05,0,0,86.2
17,0.28672,0.319699,0.610503,0.537841,9.68e-05,0,0,89.0
18,0.27813,0.361406,0.519598,0.450635,9.62e-05,0,0,88.7
19,0.272973,0.311484,0.598805,0.526677,9.55e-05,0,0,87.8
20,0.265907,0.3164,0.597964,0.527909,9.48e-05,0,0,87.8
21,0.259748,0.324143,0.582843,0.510249,9.40e-05,0,0,86.4
22,0.254957,0.330444,0.596294,0.526094,9.32e-05,0,0,86.0
23,0.245091,0.319729,0.580595,0.509007,9.24e-05,0,0,87.5
24,0.23943,0.324681,0.594117,0.522607,9.15e-05,0,0,87.5
25,0.233421,0.332507,0.59875,0.527677,9.05e-05,0,0,87.5
26,0.231965,0.329998,0.61952,0.553168,8.96e-05,0,0,87.3
27,0.220671,0.326012,0.594604,0.527959,8.85e-05,0,0,88.2
28,0.21551,0.348373,0.598676,0.529426,8.75e-05,0,0,87.1
29,0.211327,0.330922,0.609138,0.543305,8.64e-05,0,0,87.1
30,0.204981,0.351802,0.597837,0.5247,8.52e-05,0,0,88.1
31,0.203256,0.334475,0.610212,0.544213,8.40e-05,0,0,87.5
32,0.197293,0.375951,0.564004,0.495486,8.28e-05,0,0,87.7
33,0.196563,0.340737,0.61978,0.552179,8.15e-05,0,0,87.5
34,0.189681,0.350298,0.600893,0.536341,8.03e-05,0,0,90.1
35,0.186857,0.324448,0.612743,0.546637,7.89e-05,0,0,88.4
36,0.18559,0.33928,0.622766,0.556676,7.76e-05,0,0,88.8
37,0.179687,0.390483,0.579393,0.512713,7.62e-05,0,0,89.3
38,0.178186,0.342333,0.621305,0.557088,7.48e-05,0,0,88.9
39,0.173408,0.333925,0.628045,0.564576,7.33e-05,0,0,89.0
40,0.16981,0.369508,0.605204,0.544723,7.19e-05,0,0,90.6
41,0.166517,0.374363,0.596782,0.533917,7.04e-05,0,0,88.1
42,0.159624,0.350772,0.613404,0.545388,6.89e-05,0,0,87.7
43,0.141696,0.371207,0.626437,0.564319,6.73e-05,0,0,86.7
44,0.124926,0.373268,0.625837,0.563185,6.58e-05,0,0,88.3
45,0.128682,0.334415,0.638192,0.57612,6.42e-05,0,0,87.9
46,0.10782,0.33641,0.644203,0.578881,6.27e-05,0,0,89.4
47,0.099949,0.350799,0.633805,0.572942,6.11e-05,0,0,89.2
48,0.084767,0.334004,0.631198,0.569086,5.95e-05,0,0,87.3
49,0.083787,0.339828,0.642044,0.577913,5.78e-05,0,0,87.7
50,0.075541,0.331916,0.647788,0.584916,5.62e-05,0,0,87.9
51,0.070306,0.333813,0.646393,0.578609,5.46e-05,0,0,87.9
52,0.065948,0.343604,0.645459,0.579046,5.30e-05,0,0,87.8
53,0.059181,0.379947,0.622452,0.56004,5.13e-05,0,0,87.3
54,0.058367,0.331136,0.659647,0.599074,4.97e-05,0,0,87.1
55,0.057307,0.336292,0.647205,0.585273,4.80e-05,0,0,88.2
56,0.049794,0.348712,0.64956,0.587207,4.64e-05,0,0,87.0
57,0.052136,0.332011,0.655698,0.59172,4.48e-05,0,0,87.0
58,0.045348,0.35277,0.64337,0.582889,4.32e-05,0,0,86.5
59,0.045795,0.333559,0.650873,0.589364,4.15e-05,0,0,86.7
60,0.043541,0.356436,0.639513,0.578897,3.99e-05,0,0,87.2
61,0.039762,0.361806,0.640332,0.579354,3.83e-05,0,0,88.3
62,0.041815,0.361246,0.653615,0.591987,3.68e-05,0,0,87.1
63,0.040265,0.367689,0.645617,0.588273,3.52e-05,0,0,86.8
64,0.041833,0.36219,0.653829,0.594077,3.37e-05,0,0,87.7
65,0.037022,0.357699,0.646737,0.586007,3.21e-05,0,0,86.4
66,0.036682,0.347228,0.654036,0.59267,3.06e-05,0,0,86.5
67,0.037093,0.339117,0.654261,0.593891,2.91e-05,0,0,86.3
68,0.038046,0.370567,0.645889,0.585354,2.77e-05,0,0,86.0
69,0.034208,0.369443,0.644653,0.584573,2.62e-05,0,0,86.3
70,0.034904,0.371835,0.646585,0.585935,2.48e-05,0,0,86.8
71,0.033177,0.383808,0.631059,0.571369,2.34e-05,0,0,88.5
72,0.032629,0.366922,0.644045,0.584118,2.21e-05,0,0,87.7
73,0.03285,0.367282,0.640972,0.579413,2.07e-05,0,0,88.7
74,0.030307,0.349692,0.654435,0.592711,1.95e-05,0,0,90.2
75,0.030949,0.384715,0.64264,0.580859,1.82e-05,0,0,89.4
76,0.031386,0.376827,0.639471,0.57805,1.70e-05,0,0,89.3
77,0.030852,0.354446,0.655373,0.593094,1.58e-05,0,0,90.0
78,0.031254,0.378677,0.637223,0.576578,1.46e-05,0,0,89.7
79,0.028231,0.370059,0.646142,0.584813,1.35e-05,0,0,89.8
80,0.027937,0.374895,0.64292,0.581997,1.25e-05,0,0,90.3
81,0.029064,0.374199,0.649749,0.587138,1.14e-05,0,0,90.5
82,0.029881,0.363115,0.649343,0.588004,1.05e-05,0,0,89.8
83,0.029348,0.362006,0.651668,0.590737,9.51e-06,0,0,89.9
84,0.028062,0.383872,0.635488,0.574915,8.62e-06,0,0,89.7
85,0.027508,0.37505,0.64598,0.584428,7.77e-06,0,0,89.7
86,0.026474,0.382873,0.634849,0.574539,6.97e-06,0,0,88.3
87,0.02736,0.370897,0.646268,0.585685,6.21e-06,0,0,88.4
88,0.02686,0.377357,0.641501,0.580999,5.50e-06,0,0,88.7
89,0.026172,0.362725,0.646087,0.585726,4.85e-06,0,0,89.0
90,0.02611,0.367781,0.650782,0.590116,4.24e-06,0,0,88.3
91,0.026228,0.364968,0.644457,0.582935,3.68e-06,0,0,88.8
92,0.02615,0.363677,0.650934,0.588669,3.18e-06,0,0,88.5
93,0.025906,0.371062,0.647873,0.586682,2.72e-06,0,0,88.6
94,0.026974,0.376586,0.646811,0.585217,2.32e-06,0,0,89.1
95,0.026402,0.377292,0.6397,0.579415,1.97e-06,0,0,88.6
96,0.025625,0.371755,0.645532,0.584059,1.68e-06,0,0,89.0
97,0.026789,0.374432,0.644695,0.584093,1.43e-06,0,0,88.4
98,0.025465,0.365402,0.645433,0.584806,1.24e-06,0,0,88.4
99,0.025609,0.367014,0.6457,0.585562,1.11e-06,0,0,88.5
100,0.028161,0.378696,0.643994,0.583436,1.03e-06,0,0,88.5
